dim,w,c,f_name
3,"[0.63499,0.66997,0.43175]","[0.10693,1.37365,1.51941]",ZHOU
3,"[0.69144,0.64217,0.32838]","[0.2448 ,2.13458,0.62062]",ZHOU
3,"[0.33138,0.78887,0.81605]","[0.75368,0.3567 ,1.88962]",ZHOU
3,"[0.93884,0.98787,0.01853]","[1.26219,1.07971,0.6581 ]",ZHOU
3,"[0.93169,0.66508,0.04527]","[1.21298,0.42934,1.35768]",ZHOU
3,"[0.91144,0.28439,0.66486]","[1.11629,0.73615,1.14755]",ZHOU
3,"[0.0374 ,0.53513,0.21022]","[0.33394,1.95173,0.71433]",ZHOU
3,"[0.72403,0.66315,0.22615]","[0.55695,1.63859,0.80446]",ZHOU
3,"[0.66864,0.6727 ,0.38893]","[1.70844,0.96055,0.33102]",ZHOU
3,"[0.6381 ,0.57679,0.25759]","[0.02966,1.7312 ,1.23913]",ZHOU
3,"[0.76838,0.40651,0.99006]","[0.09589,2.04631,0.8578 ]",ZHOU
3,"[0.18936,0.11259,0.96193]","[1.11534,1.7484 ,0.13626]",ZHOU
3,"[0.5249 ,0.54894,0.28797]","[0.94093,1.10002,0.95905]",ZHOU
3,"[0.6785 ,0.34995,0.39516]","[0.26678,1.33094,1.40227]",ZHOU
3,"[0.93942,0.64459,0.8429 ]","[0.39213,1.25563,1.35224]",ZHOU
3,"[0.95555,0.8293 ,0.08868]","[1.13706,1.5807 ,0.28224]",ZHOU
3,"[0.29563,0.01588,0.15148]","[1.50398,1.24985,0.24617]",ZHOU
3,"[0.60486,0.21015,0.67923]","[0.92079,1.22699,0.85223]",ZHOU
3,"[0.44596,0.30168,0.57631]","[1.91837,0.78463,0.297  ]",ZHOU
3,"[0.96728,0.71489,0.16318]","[0.30534,1.34518,1.34949]",ZHOU
3,"[0.11788,0.77148,0.79691]","[1.07398,1.47969,0.44633]",ZHOU
3,"[0.11371,0.84874,0.33513]","[0.39582,1.16296,1.44121]",ZHOU
3,"[0.6341 ,0.15943,0.28562]","[0.4444 ,1.45677,1.09884]",ZHOU
3,"[0.33116,0.28287,0.46133]","[1.33814,0.38779,1.27407]",ZHOU
3,"[0.96055,0.15297,0.56075]","[0.12776,1.61295,1.25929]",ZHOU
3,"[0.30401,0.0779 ,0.06932]","[1.22239,0.38191,1.3957 ]",ZHOU
3,"[0.42339,0.02869,0.53236]","[1.24983,0.87223,0.87793]",ZHOU
3,"[0.90471,0.46531,0.99986]","[1.26665,1.17963,0.55372]",ZHOU
3,"[0.45699,0.2767 ,0.70977]","[1.58798,0.74292,0.66909]",ZHOU
3,"[0.83902,0.77124,0.86305]","[0.92454,1.06225,1.01321]",ZHOU
3,"[0.38161,0.87937,0.12034]","[1.48134,0.07157,1.44709]",ZHOU
3,"[0.66792,0.64569,0.0004 ]","[0.82152,1.37976,0.79872]",ZHOU
3,"[0.39373,0.30175,0.25264]","[1.80106,0.70774,0.4912 ]",ZHOU
3,"[0.60566,0.23929,0.23539]","[1.14753,1.31423,0.53823]",ZHOU
3,"[0.36085,0.47144,0.09692]","[1.70231,1.08729,0.2104 ]",ZHOU
3,"[0.98022,0.18257,0.92562]","[0.76752,0.53879,1.69369]",ZHOU
3,"[0.9689 ,0.38906,0.12175]","[1.12938,1.35361,0.517  ]",ZHOU
3,"[0.43491,0.9006 ,0.39944]","[1.5526 ,1.12662,0.32078]",ZHOU
3,"[0.44351,0.37055,0.883  ]","[0.91509,0.6003 ,1.48461]",ZHOU
3,"[0.0991 ,0.23329,0.56763]","[0.65012,0.43387,1.91601]",ZHOU
3,"[0.96379,0.30043,0.80486]","[0.72934,1.19416,1.0765 ]",ZHOU
3,"[0.94798,0.18111,0.85449]","[0.92038,1.35228,0.72734]",ZHOU
3,"[0.96905,0.38637,0.09999]","[1.06628,0.77429,1.15943]",ZHOU
3,"[0.20975,0.28434,0.41157]","[0.79102,0.52664,1.68233]",ZHOU
3,"[0.96235,0.78801,0.47056]","[1.43716,0.13123,1.43161]",ZHOU
3,"[0.28532,0.48351,0.60121]","[1.78419,1.06128,0.15453]",ZHOU
3,"[0.16054,0.95389,0.56247]","[1.13629,1.41435,0.44935]",ZHOU
3,"[0.4828 ,0.77118,0.20095]","[0.60163,1.33255,1.06582]",ZHOU
3,"[0.1667 ,0.50807,0.76601]","[0.51245,0.76287,1.72468]",ZHOU
3,"[0.07513,0.28081,0.19576]","[2.62798,0.02377,0.34825]",ZHOU
3,"[0.69497,0.3772 ,0.15437]","[1.40937,1.45474,0.13589]",CONTINUOUS
3,"[0.30265,0.94119,0.67907]","[0.9021 ,0.01417,2.08373]",CONTINUOUS
3,"[0.46999,0.50312,0.63122]","[1.15277,1.10558,0.74165]",CONTINUOUS
3,"[0.65529,0.86875,0.60453]","[1.38521,0.10117,1.51362]",CONTINUOUS
3,"[0.83358,0.21768,0.92725]","[1.30021,0.52504,1.17475]",CONTINUOUS
3,"[0.49979,0.36435,0.79117]","[0.56704,1.04375,1.38921]",CONTINUOUS
3,"[0.76468,0.81839,0.90961]","[1.14097,1.71736,0.14167]",CONTINUOUS
3,"[0.65032,0.76599,0.06602]","[1.45008,0.23478,1.31514]",CONTINUOUS
3,"[0.05231,0.40198,0.27885]","[0.56506,1.73059,0.70435]",CONTINUOUS
3,"[0.75339,0.01609,0.48797]","[1.2458 ,0.20983,1.54438]",CONTINUOUS
3,"[0.36262,0.20808,0.81574]","[0.90779,0.77578,1.31643]",CONTINUOUS
3,"[0.53257,0.43886,0.67912]","[2.5144 ,0.20711,0.27848]",CONTINUOUS
3,"[0.76246,0.34308,0.36687]","[0.78983,0.37381,1.83636]",CONTINUOUS
3,"[0.99378,0.64792,0.24369]","[1.76195,0.26993,0.96812]",CONTINUOUS
3,"[0.25007,0.59758,0.65811]","[0.81315,0.16233,2.02453]",CONTINUOUS
3,"[0.75478,0.14389,0.77604]","[0.93233,0.94457,1.1231 ]",CONTINUOUS
3,"[0.32256,0.14525,0.2798 ]","[0.18944,0.17794,2.63261]",CONTINUOUS
3,"[0.64522,0.87416,0.20688]","[0.67126,1.73651,0.59223]",CONTINUOUS
3,"[0.0553 ,0.39142,0.22875]","[0.821  ,1.21001,0.96899]",CONTINUOUS
3,"[0.5515 ,0.59867,0.00356]","[0.32919,2.17742,0.49339]",CONTINUOUS
3,"[0.4003 ,0.45243,0.97428]","[0.15197,1.07716,1.77088]",CONTINUOUS
3,"[0.53384,0.06472,0.14568]","[0.40691,1.48724,1.10585]",CONTINUOUS
3,"[0.83396,0.00384,0.08937]","[1.52909,1.27601,0.1949 ]",CONTINUOUS
3,"[0.17918,0.82806,0.27632]","[1.18733,0.37437,1.43831]",CONTINUOUS
3,"[0.81663,0.13915,0.70093]","[0.48836,1.7417 ,0.76993]",CONTINUOUS
3,"[0.03718,0.27415,0.89833]","[1.53083,1.05752,0.41165]",CONTINUOUS
3,"[0.86286,0.86472,0.92666]","[1.30261,0.9219 ,0.77549]",CONTINUOUS
3,"[0.99556,0.35504,0.92575]","[0.93568,0.46128,1.60304]",CONTINUOUS
3,"[0.72976,0.58507,0.96535]","[2.21665,0.26253,0.52082]",CONTINUOUS
3,"[0.83489,0.30761,0.62044]","[1.16039,1.44646,0.39315]",CONTINUOUS
3,"[0.8029 ,0.94015,0.47515]","[1.44209,0.14629,1.41162]",CONTINUOUS
3,"[0.55738,0.76624,0.91268]","[0.02933,1.54149,1.42918]",CONTINUOUS
3,"[0.12206,0.18462,0.56752]","[0.28227,0.43863,2.2791 ]",CONTINUOUS
3,"[0.48999,0.85663,0.59435]","[1.48562,0.13296,1.38141]",CONTINUOUS
3,"[0.53476,0.21418,0.67093]","[1.16851,1.79992,0.03157]",CONTINUOUS
3,"[0.474  ,0.82486,0.49166]","[1.10533,0.96993,0.92474]",CONTINUOUS
3,"[0.99584,0.30041,0.92089]","[0.56987,1.85527,0.57486]",CONTINUOUS
3,"[0.59799,0.02143,0.91885]","[0.64063,0.9254 ,1.43397]",CONTINUOUS
3,"[0.35583,0.48651,0.27302]","[0.84269,0.85915,1.29816]",CONTINUOUS
3,"[0.18872,0.15427,0.81641]","[1.14451,1.52733,0.32816]",CONTINUOUS
3,"[0.34102,0.83744,0.7088 ]","[1.14846,0.92789,0.92365]",CONTINUOUS
3,"[0.88951,0.04903,0.55471]","[2.09347,0.10172,0.80482]",CONTINUOUS
3,"[0.81466,0.7071 ,0.30268]","[1.56422,1.27091,0.16487]",CONTINUOUS
3,"[0.03308,0.75622,0.72344]","[0.98801,0.99813,1.01386]",CONTINUOUS
3,"[0.28713,0.21484,0.10624]","[1.38274,0.74909,0.86817]",CONTINUOUS
3,"[0.08445,0.9076 ,0.5326 ]","[0.02721,0.40663,2.56616]",CONTINUOUS
3,"[0.41486,0.13532,0.21838]","[1.91061,0.22341,0.86598]",CONTINUOUS
3,"[0.0942 ,0.49832,0.86666]","[1.2864 ,1.67274,0.04086]",CONTINUOUS
3,"[0.26547,0.71217,0.98412]","[0.75974,1.10956,1.1307 ]",CONTINUOUS
3,"[0.1958 ,0.61589,0.89559]","[0.43703,0.3429 ,2.22007]",CONTINUOUS
3,"[0.34141,0.8042 ,0.42862]","[0.98589,0.78525,1.22886]",CORNER_PEAK
3,"[0.92592,0.30668,0.08583]","[0.29481,0.88975,1.81544]",CORNER_PEAK
3,"[0.08882,0.00104,0.7589 ]","[1.37288,1.07945,0.54766]",CORNER_PEAK
3,"[0.8057 ,0.07386,0.60427]","[1.77032,0.29888,0.9308 ]",CORNER_PEAK
3,"[0.54542,0.40083,0.07118]","[0.0627 ,0.79268,2.14463]",CORNER_PEAK
3,"[0.94882,0.55932,0.14039]","[1.29932,0.41636,1.28431]",CORNER_PEAK
3,"[0.30438,0.92886,0.21924]","[1.42883,0.60985,0.96132]",CORNER_PEAK
3,"[0.7604 ,0.25989,0.41979]","[0.63966,1.41812,0.94223]",CORNER_PEAK
3,"[0.32623,0.70538,0.20543]","[1.1726 ,1.78148,0.04592]",CORNER_PEAK
3,"[0.50759,0.09474,0.85294]","[1.11194,0.72009,1.16797]",CORNER_PEAK
3,"[0.67453,0.84721,0.66111]","[2.29415,0.57232,0.13353]",CORNER_PEAK
3,"[0.11807,0.60836,0.99234]","[1.80062,0.59747,0.6019 ]",CORNER_PEAK
3,"[0.0646 ,0.39278,0.53014]","[1.13532,0.55775,1.30693]",CORNER_PEAK
3,"[0.95867,0.39493,0.13267]","[0.75967,0.62535,1.61497]",CORNER_PEAK
3,"[0.30617,0.66423,0.86538]","[0.81844,1.41729,0.76427]",CORNER_PEAK
3,"[0.57991,0.15841,0.17171]","[1.06735,1.08911,0.84354]",CORNER_PEAK
3,"[0.88289,0.34557,0.7542 ]","[1.02864,1.04559,0.92577]",CORNER_PEAK
3,"[0.74462,0.37169,0.53897]","[1.61498,0.70743,0.6776 ]",CORNER_PEAK
3,"[0.75622,0.60619,0.93091]","[0.10651,2.76041,0.13307]",CORNER_PEAK
3,"[0.59409,0.36584,0.24163]","[1.23039,1.11941,0.65021]",CORNER_PEAK
3,"[0.35852,0.38944,0.99782]","[1.4037 ,1.49264,0.10366]",CORNER_PEAK
3,"[0.82526,0.10238,0.05073]","[0.5029 ,0.34214,2.15496]",CORNER_PEAK
3,"[0.45634,0.55425,0.79649]","[1.00046,0.35227,1.64727]",CORNER_PEAK
3,"[0.97422,0.76268,0.8617 ]","[0.44523,0.12668,2.42809]",CORNER_PEAK
3,"[0.53383,0.09003,0.49532]","[1.24071,1.36992,0.38938]",CORNER_PEAK
3,"[0.33137,0.46403,0.03196]","[1.00309,0.30908,1.68783]",CORNER_PEAK
3,"[0.32786,0.6835 ,0.4175 ]","[1.44718,0.38697,1.16585]",CORNER_PEAK
3,"[0.04656,0.14483,0.67018]","[1.08203,0.85314,1.06483]",CORNER_PEAK
3,"[0.49371,0.35562,0.24756]","[0.45957,1.58654,0.95389]",CORNER_PEAK
3,"[0.85706,0.8601 ,0.19565]","[0.86496,1.07129,1.06376]",CORNER_PEAK
3,"[0.53849,0.53353,0.56892]","[0.32244,1.98395,0.69361]",CORNER_PEAK
3,"[0.70721,0.51747,0.79071]","[0.74954,0.81675,1.43371]",CORNER_PEAK
3,"[0.57704,0.65607,0.59026]","[1.03328,0.96842,0.9983 ]",CORNER_PEAK
3,"[0.5261 ,0.19534,0.64942]","[0.14031,1.34719,1.5125 ]",CORNER_PEAK
3,"[0.55828,0.55934,0.87542]","[0.9126 ,1.23605,0.85136]",CORNER_PEAK
3,"[0.03867,0.90752,0.93873]","[1.05898,0.95195,0.98906]",CORNER_PEAK
3,"[0.42727,0.96421,0.77358]","[0.64238,0.695  ,1.66262]",CORNER_PEAK
3,"[0.03095,0.53386,0.90733]","[0.9911 ,0.59981,1.40909]",CORNER_PEAK
3,"[0.90927,0.08218,0.23157]","[0.67607,1.37273,0.9512 ]",CORNER_PEAK
3,"[0.36016,0.63782,0.18689]","[0.0812 ,1.81692,1.10188]",CORNER_PEAK
3,"[0.61003,0.33704,0.36659]","[0.63934,1.02444,1.33622]",CORNER_PEAK
3,"[0.75614,0.05034,0.28337]","[1.50187,0.84534,0.65279]",CORNER_PEAK
3,"[0.81477,0.58894,0.66032]","[1.27723,0.84463,0.87813]",CORNER_PEAK
3,"[0.8424 ,0.825  ,0.23045]","[1.79181,0.80563,0.40257]",CORNER_PEAK
3,"[0.04707,0.95391,0.44949]","[1.40323,0.19547,1.40131]",CORNER_PEAK
3,"[0.42258,0.69826,0.77456]","[0.93809,0.81819,1.24373]",CORNER_PEAK
3,"[0.99054,0.30929,0.78437]","[0.5048 ,1.01867,1.47653]",CORNER_PEAK
3,"[0.84388,0.95056,0.96914]","[1.15848,0.95901,0.88251]",CORNER_PEAK
3,"[0.62684,0.96285,0.08611]","[0.80928,1.27514,0.91558]",CORNER_PEAK
3,"[0.81542,0.26657,0.77752]","[1.15511,0.06571,1.77918]",CORNER_PEAK
3,"[0.6556 ,0.15068,0.41739]","[1.61813,0.49033,0.89154]",DISCONTINUOUS
3,"[0.95401,0.14233,0.87038]","[0.08602,0.57833,2.33565]",DISCONTINUOUS
3,"[0.64187,0.20684,0.16636]","[1.26626,0.4587 ,1.27504]",DISCONTINUOUS
3,"[0.67684,0.07177,0.5261 ]","[0.5851 ,0.45058,1.96432]",DISCONTINUOUS
3,"[0.13751,0.12149,0.24178]","[0.82784,1.27552,0.89664]",DISCONTINUOUS
3,"[0.06457,0.15647,0.3261 ]","[1.31957,0.1079 ,1.57252]",DISCONTINUOUS
3,"[0.78007,0.64823,0.66312]","[0.90279,0.7392 ,1.35801]",DISCONTINUOUS
3,"[0.3682 ,0.71098,0.5264 ]","[0.89273,1.09547,1.0118 ]",DISCONTINUOUS
3,"[0.08956,0.29463,0.49104]","[0.51239,1.14496,1.34265]",DISCONTINUOUS
3,"[0.79912,0.27885,0.42486]","[1.08526,0.65841,1.25634]",DISCONTINUOUS
3,"[0.96429,0.42325,0.08353]","[0.34933,1.11185,1.53882]",DISCONTINUOUS
3,"[0.14591,0.81451,0.9495 ]","[0.8497 ,1.66572,0.48459]",DISCONTINUOUS
3,"[0.5662 ,0.7537 ,0.95215]","[0.26609,1.29082,1.44309]",DISCONTINUOUS
3,"[0.38937,0.86602,0.81157]","[0.99273,1.05521,0.95205]",DISCONTINUOUS
3,"[0.39693,0.04358,0.41327]","[1.3633 ,0.26106,1.37564]",DISCONTINUOUS
3,"[0.86715,0.45597,0.69101]","[1.25144,0.62724,1.12132]",DISCONTINUOUS
3,"[0.32846,0.1581 ,0.66403]","[0.6529 ,1.52005,0.82706]",DISCONTINUOUS
3,"[0.19747,0.6452 ,0.06497]","[1.98509,0.43604,0.57887]",DISCONTINUOUS
3,"[0.09467,0.42013,0.85985]","[1.02311,0.15175,1.82514]",DISCONTINUOUS
3,"[0.50687,0.3644 ,0.2772 ]","[0.31701,1.20745,1.47555]",DISCONTINUOUS
3,"[0.62044,0.55811,0.29909]","[0.89488,1.21856,0.88656]",DISCONTINUOUS
3,"[0.24996,0.66066,0.68237]","[1.449 ,0.4486,1.1024]",DISCONTINUOUS
3,"[0.17679,0.28347,0.11213]","[0.97922,0.7624 ,1.25838]",DISCONTINUOUS
3,"[0.01567,0.9371 ,0.98552]","[1.19217,1.17948,0.62835]",DISCONTINUOUS
3,"[0.30465,0.03632,0.7649 ]","[0.20914,0.87055,1.9203 ]",DISCONTINUOUS
3,"[0.79653,0.1118 ,0.39175]","[1.05309,1.70918,0.23773]",DISCONTINUOUS
3,"[0.57348,0.49039,0.35184]","[1.28635,0.81236,0.90128]",DISCONTINUOUS
3,"[0.94403,0.6742 ,0.88453]","[1.33074,1.0746 ,0.59465]",DISCONTINUOUS
3,"[0.76163,0.90729,0.56947]","[1.24704,0.81339,0.93957]",DISCONTINUOUS
3,"[0.64528,0.63483,0.11366]","[1.23115,0.72535,1.0435 ]",DISCONTINUOUS
3,"[0.90528,0.53099,0.93964]","[1.08058,0.83789,1.08154]",DISCONTINUOUS
3,"[0.3421 ,0.66331,0.42242]","[1.02664,1.11477,0.85859]",DISCONTINUOUS
3,"[0.25046,0.85975,0.59746]","[1.14391,0.22804,1.62805]",DISCONTINUOUS
3,"[0.33175,0.37991,0.61416]","[1.145  ,0.7772 ,1.07781]",DISCONTINUOUS
3,"[0.67218,0.61809,0.5627 ]","[1.30911,0.38526,1.30563]",DISCONTINUOUS
3,"[0.3667 ,0.69675,0.31641]","[0.10054,1.4774 ,1.42206]",DISCONTINUOUS
3,"[0.11327,0.93811,0.2273 ]","[1.0125 ,0.41069,1.57681]",DISCONTINUOUS
3,"[0.2592 ,0.91777,0.67715]","[1.11532,0.78852,1.09616]",DISCONTINUOUS
3,"[0.31265,0.15283,0.41512]","[0.85894,2.13176,0.00931]",DISCONTINUOUS
3,"[0.85926,0.45255,0.671  ]","[1.06188,1.26865,0.66946]",DISCONTINUOUS
3,"[0.83394,0.4497 ,0.33534]","[0.67704,0.52646,1.7965 ]",DISCONTINUOUS
3,"[0.00528,0.07119,0.35456]","[0.46557,2.20214,0.33229]",DISCONTINUOUS
3,"[0.09836,0.63557,0.14068]","[1.83852,0.37141,0.79007]",DISCONTINUOUS
3,"[0.33954,0.50376,0.70538]","[0.47501,1.16563,1.35936]",DISCONTINUOUS
3,"[0.65077,0.72405,0.98501]","[0.87572,1.06172,1.06256]",DISCONTINUOUS
3,"[0.65659,0.71207,0.14639]","[1.39214,1.38704,0.22082]",DISCONTINUOUS
3,"[0.84655,0.38775,0.7063 ]","[1.642  ,1.10105,0.25695]",DISCONTINUOUS
3,"[0.09658,0.83706,0.40133]","[0.83144,1.55308,0.61548]",DISCONTINUOUS
3,"[0.19518,0.26132,0.62255]","[1.16023,0.60057,1.23921]",DISCONTINUOUS
3,"[0.5386 ,0.05626,0.09303]","[1.48242,1.08941,0.42817]",DISCONTINUOUS
3,"[0.5084 ,0.22991,0.94486]","[1.25383,0.77592,0.97025]",GAUSSIAN
3,"[0.24231,0.13228,0.61176]","[0.8464 ,1.12236,1.03123]",GAUSSIAN
3,"[0.07228,0.55793,0.28285]","[1.32922,0.31448,1.35631]",GAUSSIAN
3,"[0.65119,0.38472,0.9762 ]","[0.6561 ,1.43683,0.90706]",GAUSSIAN
3,"[0.81838,0.35319,0.60603]","[1.06171,0.89229,1.046  ]",GAUSSIAN
3,"[0.64698,0.41347,0.57512]","[0.36916,1.94285,0.68799]",GAUSSIAN
3,"[0.60907,0.12401,0.80369]","[1.13876,1.52097,0.34027]",GAUSSIAN
3,"[0.7995 ,0.42533,0.95768]","[0.75535,1.56754,0.67711]",GAUSSIAN
3,"[0.78318,0.22309,0.60593]","[0.78139,1.26849,0.95012]",GAUSSIAN
3,"[0.70937,0.01262,0.47942]","[0.66898,0.15392,2.1771 ]",GAUSSIAN
3,"[0.58328,0.66017,0.53585]","[0.43995,1.28231,1.27774]",GAUSSIAN
3,"[0.42383,0.37901,0.19875]","[1.6409 ,0.49329,0.86581]",GAUSSIAN
3,"[0.44634,0.38872,0.3245 ]","[0.04657,1.11886,1.83457]",GAUSSIAN
3,"[0.52688,0.0759 ,0.44782]","[0.90281,1.03922,1.05796]",GAUSSIAN
3,"[0.34831,0.59541,0.5324 ]","[1.17507,1.14792,0.677  ]",GAUSSIAN
3,"[0.46195,0.37055,0.81261]","[0.31172,1.49326,1.19502]",GAUSSIAN
3,"[0.48669,0.27687,0.87993]","[1.14009,0.89339,0.96652]",GAUSSIAN
3,"[0.37455,0.55331,0.29496]","[1.32711,1.28882,0.38407]",GAUSSIAN
3,"[0.26318,0.32085,0.75608]","[1.36014,1.48207,0.15779]",GAUSSIAN
3,"[0.16677,0.16193,0.53883]","[0.73545,0.98833,1.27622]",GAUSSIAN
3,"[0.24557,0.41285,0.4365 ]","[0.21889,1.23909,1.54202]",GAUSSIAN
3,"[0.0487 ,0.54974,0.23713]","[0.00954,1.65616,1.3343 ]",GAUSSIAN
3,"[0.85285,0.8537 ,0.15017]","[0.64461,2.04944,0.30595]",GAUSSIAN
3,"[0.07604,0.31292,0.37494]","[1.2408 ,0.86101,0.89819]",GAUSSIAN
3,"[0.90029,0.96886,0.18102]","[0.29395,0.4981 ,2.20795]",GAUSSIAN
3,"[0.13433,0.00405,0.16054]","[0.48511,1.34085,1.17403]",GAUSSIAN
3,"[0.12629,0.52286,0.68175]","[0.7404 ,1.59328,0.66632]",GAUSSIAN
3,"[0.87408,0.73796,0.00643]","[0.63196,1.17148,1.19655]",GAUSSIAN
3,"[0.49773,0.17609,0.2263 ]","[0.54062,1.37419,1.08519]",GAUSSIAN
3,"[0.25456,0.35266,0.10029]","[0.31241,2.27235,0.41524]",GAUSSIAN
3,"[0.95526,0.58343,0.42734]","[2.30511,0.51445,0.18044]",GAUSSIAN
3,"[0.19888,0.83252,0.4864 ]","[0.9494 ,1.08904,0.96156]",GAUSSIAN
3,"[0.61405,0.58993,0.26899]","[0.04158,2.69664,0.26178]",GAUSSIAN
3,"[0.75938,0.9886 ,0.86146]","[1.04177,0.30475,1.65348]",GAUSSIAN
3,"[0.17564,0.79941,0.56313]","[0.70623,1.07233,1.22145]",GAUSSIAN
3,"[0.46293,0.11727,0.05772]","[1.02444,1.03428,0.94128]",GAUSSIAN
3,"[0.82506,0.15353,0.02464]","[0.44481,1.68557,0.86961]",GAUSSIAN
3,"[0.76712,0.66005,0.45247]","[1.10464,0.22537,1.66999]",GAUSSIAN
3,"[0.36013,0.39726,0.71458]","[1.09573,1.52949,0.37478]",GAUSSIAN
3,"[0.31348,0.6468 ,0.51303]","[0.46326,1.25511,1.28163]",GAUSSIAN
3,"[0.63751,0.93423,0.54064]","[1.03807,1.08728,0.87465]",GAUSSIAN
3,"[0.86482,0.22695,0.71291]","[1.04053,0.69045,1.26902]",GAUSSIAN
3,"[0.41665,0.28505,0.70398]","[0.10598,1.7867 ,1.10731]",GAUSSIAN
3,"[0.52392,0.13592,0.50457]","[0.00097,2.11359,0.88544]",GAUSSIAN
3,"[0.36614,0.2455 ,0.48947]","[1.024  ,0.98027,0.99573]",GAUSSIAN
3,"[0.55089,0.97537,0.47942]","[1.57026,1.31827,0.11147]",GAUSSIAN
3,"[0.74362,0.74141,0.44027]","[0.16349,1.36102,1.47549]",GAUSSIAN
3,"[0.09441,0.99388,0.15631]","[0.73855,0.99455,1.2669 ]",GAUSSIAN
3,"[0.96053,0.71097,0.50571]","[1.08794,1.7587 ,0.15335]",GAUSSIAN
3,"[0.06733,0.93963,0.467  ]","[1.44085,0.51598,1.04317]",GAUSSIAN
3,"[0.27562,0.9719 ,0.07418]","[0.9875 ,0.66264,1.34987]",MOROKOFF_CALFISCH_1
3,"[0.43268,0.62459,0.35117]","[0.66614,1.41676,0.9171 ]",MOROKOFF_CALFISCH_1
3,"[0.57439,0.06717,0.06756]","[1.73575,0.4707 ,0.79356]",MOROKOFF_CALFISCH_1
3,"[0.44047,0.3307 ,0.03539]","[1.58701,0.4389 ,0.97409]",MOROKOFF_CALFISCH_1
3,"[0.675  ,0.09582,0.26859]","[1.25267,0.54052,1.20681]",MOROKOFF_CALFISCH_1
3,"[0.44596,0.46127,0.04553]","[1.16453,0.59951,1.23595]",MOROKOFF_CALFISCH_1
3,"[0.83628,0.27377,0.62381]","[1.78514,0.15813,1.05673]",MOROKOFF_CALFISCH_1
3,"[0.2125 ,0.81856,0.39176]","[1.12689,0.21596,1.65716]",MOROKOFF_CALFISCH_1
3,"[0.17265,0.1947 ,0.08139]","[1.36661,1.32148,0.31191]",MOROKOFF_CALFISCH_1
3,"[0.05958,0.52218,0.69365]","[2.58067,0.29851,0.12082]",MOROKOFF_CALFISCH_1
3,"[0.7825 ,0.28501,0.80186]","[0.74349,0.1174 ,2.13911]",MOROKOFF_CALFISCH_1
3,"[0.38636,0.58662,0.60132]","[0.26514,1.88802,0.84684]",MOROKOFF_CALFISCH_1
3,"[0.06631,0.59776,0.99769]","[1.35377,0.99441,0.65182]",MOROKOFF_CALFISCH_1
3,"[0.09103,0.69909,0.2958 ]","[1.08003,0.05094,1.86903]",MOROKOFF_CALFISCH_1
3,"[0.85238,0.84539,0.38161]","[1.98516,0.01024,1.0046 ]",MOROKOFF_CALFISCH_1
3,"[0.29898,0.93365,0.0654 ]","[1.35888,1.30119,0.33993]",MOROKOFF_CALFISCH_1
3,"[0.41105,0.03562,0.66054]","[1.51783,1.35116,0.13101]",MOROKOFF_CALFISCH_1
3,"[0.18028,0.64541,0.96969]","[0.6319,1.8601,0.508 ]",MOROKOFF_CALFISCH_1
3,"[0.01801,0.70667,0.03655]","[1.38955,0.73313,0.87732]",MOROKOFF_CALFISCH_1
3,"[0.47467,0.68761,0.92979]","[1.04045,1.70048,0.25907]",MOROKOFF_CALFISCH_1
3,"[0.06471,0.55936,0.45179]","[1.29177,0.64913,1.0591 ]",MOROKOFF_CALFISCH_1
3,"[0.3653 ,0.71367,0.76477]","[1.32745,0.21094,1.46161]",MOROKOFF_CALFISCH_1
3,"[0.42119,0.32929,0.20003]","[0.63997,1.91451,0.44552]",MOROKOFF_CALFISCH_1
3,"[0.27773,0.58151,0.92097]","[0.87505,1.4254 ,0.69955]",MOROKOFF_CALFISCH_1
3,"[0.06198,0.38733,0.02198]","[1.09443,1.71892,0.18666]",MOROKOFF_CALFISCH_1
3,"[0.74172,0.23469,0.2526 ]","[1.38064,1.35276,0.2666 ]",MOROKOFF_CALFISCH_1
3,"[0.55582,0.96913,0.11652]","[0.66588,2.00031,0.3338 ]",MOROKOFF_CALFISCH_1
3,"[0.70335,0.78659,0.13892]","[1.74372,0.1985 ,1.05778]",MOROKOFF_CALFISCH_1
3,"[0.85653,0.72318,0.57589]","[0.14509,0.87712,1.97779]",MOROKOFF_CALFISCH_1
3,"[0.3026 ,0.19038,0.22272]","[1.50303,1.44903,0.04794]",MOROKOFF_CALFISCH_1
3,"[0.69919,0.03021,0.18722]","[0.77179,0.22396,2.00425]",MOROKOFF_CALFISCH_1
3,"[0.16407,0.14051,0.76872]","[1.77151,0.41512,0.81337]",MOROKOFF_CALFISCH_1
3,"[0.09628,0.16617,0.66794]","[1.08021,0.89577,1.02402]",MOROKOFF_CALFISCH_1
3,"[0.09065,0.39172,0.95026]","[1.14075,1.49574,0.36351]",MOROKOFF_CALFISCH_1
3,"[0.59629,0.88433,0.94487]","[1.6617 ,0.44608,0.89222]",MOROKOFF_CALFISCH_1
3,"[0.58515,0.66776,0.16845]","[1.79748,1.14338,0.05914]",MOROKOFF_CALFISCH_1
3,"[0.26928,0.04506,0.96662]","[1.44416,0.52436,1.03147]",MOROKOFF_CALFISCH_1
3,"[0.76983,0.31235,0.02488]","[0.28035,1.22315,1.4965 ]",MOROKOFF_CALFISCH_1
3,"[0.21083,0.58134,0.65339]","[2.4735 ,0.45583,0.07066]",MOROKOFF_CALFISCH_1
3,"[0.52219,0.80683,0.21164]","[0.17337,2.50495,0.32168]",MOROKOFF_CALFISCH_1
3,"[0.93685,0.25577,0.27622]","[0.76824,0.9962 ,1.23555]",MOROKOFF_CALFISCH_1
3,"[0.3033 ,0.44355,0.78555]","[0.69972,1.66393,0.63636]",MOROKOFF_CALFISCH_1
3,"[0.52198,0.87974,0.25095]","[0.46498,1.10512,1.42989]",MOROKOFF_CALFISCH_1
3,"[0.82387,0.50392,0.09174]","[1.1921 ,0.75572,1.05218]",MOROKOFF_CALFISCH_1
3,"[0.80126,0.70088,0.23144]","[1.32891,1.02232,0.64877]",MOROKOFF_CALFISCH_1
3,"[0.19057,0.93111,0.85224]","[1.70511,0.93937,0.35553]",MOROKOFF_CALFISCH_1
3,"[0.11557,0.55806,0.84164]","[1.71813,1.15493,0.12694]",MOROKOFF_CALFISCH_1
3,"[0.15807,0.4691 ,0.9059 ]","[0.36262,1.48833,1.14904]",MOROKOFF_CALFISCH_1
3,"[0.33636,0.7254 ,0.99964]","[0.53368,0.879  ,1.58733]",MOROKOFF_CALFISCH_1
3,"[0.92594,0.31113,0.96133]","[0.32136,1.36368,1.31496]",MOROKOFF_CALFISCH_1
3,"[0.87284,0.5134 ,0.25188]","[2.10455,0.01228,0.88318]",G_FUNCTION
3,"[0.17097,0.69763,0.50249]","[0.9504 ,1.20756,0.84205]",G_FUNCTION
3,"[0.90122,0.51152,0.03698]","[0.84644,1.55436,0.59919]",G_FUNCTION
3,"[0.76056,0.07694,0.73703]","[1.01077,1.33001,0.65922]",G_FUNCTION
3,"[0.16721,0.07413,0.65557]","[0.29145,1.00788,1.70067]",G_FUNCTION
3,"[0.60818,0.8765 ,0.23031]","[0.39137,2.0096 ,0.59903]",G_FUNCTION
3,"[0.66451,0.70069,0.31514]","[1.32408,0.43412,1.2418 ]",G_FUNCTION
3,"[0.38706,0.96396,0.20977]","[1.16342,0.38203,1.45455]",G_FUNCTION
3,"[0.23037,0.41933,0.80894]","[1.03616,0.67722,1.28663]",G_FUNCTION
3,"[0.07571,0.95029,0.73478]","[0.81728,1.22167,0.96104]",G_FUNCTION
3,"[0.7299 ,0.62672,0.43412]","[1.17608,0.40524,1.41868]",G_FUNCTION
3,"[0.60445,0.28266,0.78421]","[1.06392,0.82471,1.11137]",G_FUNCTION
3,"[0.47132,0.784  ,0.58428]","[1.36304,1.21851,0.41845]",G_FUNCTION
3,"[0.68697,0.54702,0.21781]","[1.40647,0.6779 ,0.91563]",G_FUNCTION
3,"[0.41719,0.46207,0.27954]","[1.69326,0.69226,0.61448]",G_FUNCTION
3,"[0.94808,0.63248,0.31213]","[1.16513,1.39032,0.44455]",G_FUNCTION
3,"[0.88585,0.1271 ,0.94481]","[2.10659,0.6711 ,0.22231]",G_FUNCTION
3,"[0.90561,0.1364 ,0.94011]","[0.15835,0.9397 ,1.90195]",G_FUNCTION
3,"[0.67194,0.99088,0.56775]","[0.32071,1.55009,1.1292 ]",G_FUNCTION
3,"[0.99828,0.57086,0.82889]","[1.68791,0.79963,0.51246]",G_FUNCTION
3,"[0.24416,0.95486,0.97182]","[0.68166,1.10132,1.21702]",G_FUNCTION
3,"[0.94603,0.3027 ,0.96129]","[0.62292,0.74808,1.62901]",G_FUNCTION
3,"[0.65499,0.81257,0.438  ]","[1.34882,1.05124,0.59994]",G_FUNCTION
3,"[0.82061,0.36861,0.3674 ]","[1.24949,0.57245,1.17806]",G_FUNCTION
3,"[0.48953,0.03645,0.03471]","[1.28861,0.46245,1.24895]",G_FUNCTION
3,"[0.00003,0.46103,0.17804]","[0.18803,1.29399,1.51798]",G_FUNCTION
3,"[0.10656,0.69967,0.56762]","[1.21208,1.25306,0.53485]",G_FUNCTION
3,"[0.37269,0.22259,0.31218]","[0.94346,0.59054,1.466  ]",G_FUNCTION
3,"[0.61551,0.0093 ,0.74213]","[1.27637,0.23034,1.49329]",G_FUNCTION
3,"[0.28032,0.2148 ,0.18075]","[1.55261,0.90516,0.54223]",G_FUNCTION
3,"[0.06294,0.5723 ,0.39835]","[0.92135,1.07422,1.00443]",G_FUNCTION
3,"[0.20341,0.55335,0.61501]","[0.34969,1.39985,1.25046]",G_FUNCTION
3,"[0.95408,0.58629,0.31867]","[0.99904,1.81732,0.18364]",G_FUNCTION
3,"[0.59144,0.81297,0.12185]","[0.75592,1.40539,0.83869]",G_FUNCTION
3,"[0.7593 ,0.60097,0.31514]","[1.76968,0.65209,0.57823]",G_FUNCTION
3,"[0.02654,0.11537,0.33016]","[0.92611,1.66275,0.41114]",G_FUNCTION
3,"[0.95435,0.7478 ,0.0415 ]","[0.49404,0.3797 ,2.12626]",G_FUNCTION
3,"[0.09895,0.28334,0.29276]","[0.24924,1.28495,1.4658 ]",G_FUNCTION
3,"[0.98032,0.03571,0.03407]","[2.02683,0.13324,0.83994]",G_FUNCTION
3,"[0.85327,0.35037,0.43755]","[1.40635,0.84025,0.7534 ]",G_FUNCTION
3,"[0.60236,0.47263,0.09719]","[0.56031,0.49968,1.94001]",G_FUNCTION
3,"[0.31002,0.90494,0.47437]","[0.58546,1.29447,1.12008]",G_FUNCTION
3,"[0.52122,0.96497,0.18238]","[1.35885,0.39608,1.24507]",G_FUNCTION
3,"[0.61872,0.50891,0.6069 ]","[1.14886,0.99393,0.85721]",G_FUNCTION
3,"[0.72908,0.41002,0.12289]","[0.85414,1.02826,1.1176 ]",G_FUNCTION
3,"[0.92443,0.1048 ,0.80539]","[1.2893 ,1.68229,0.02841]",G_FUNCTION
3,"[0.8794 ,0.76882,0.97927]","[1.40459,1.281  ,0.31441]",G_FUNCTION
3,"[0.86339,0.45134,0.6998 ]","[1.3711 ,0.43026,1.19864]",G_FUNCTION
3,"[0.3748 ,0.51879,0.75796]","[0.99511,1.16853,0.83636]",G_FUNCTION
3,"[0.31676,0.3027 ,0.06236]","[1.11668,1.60671,0.27661]",G_FUNCTION
3,"[0.85509,0.56611,0.5311 ]","[2.64851,0.12193,0.22956]",OSCILLATORY
3,"[0.48283,0.14497,0.0035 ]","[0.36605,1.17863,1.45532]",OSCILLATORY
3,"[0.57398,0.57226,0.23728]","[1.11945,1.09032,0.79023]",OSCILLATORY
3,"[0.4958 ,0.15762,0.34959]","[1.12502,0.92268,0.95229]",OSCILLATORY
3,"[0.30827,0.93319,0.94448]","[0.64396,0.86531,1.49073]",OSCILLATORY
3,"[0.70703,0.21212,0.39268]","[0.88163,1.60663,0.51175]",OSCILLATORY
3,"[0.90632,0.89871,0.71033]","[1.38862,0.31926,1.29212]",OSCILLATORY
3,"[0.22783,0.75526,0.3339 ]","[1.3157 ,1.44525,0.23905]",OSCILLATORY
3,"[0.69459,0.07983,0.11851]","[1.45382,1.3197 ,0.22648]",OSCILLATORY
3,"[0.46316,0.74857,0.75753]","[0.40183,1.65754,0.94063]",OSCILLATORY
3,"[0.73465,0.58908,0.03422]","[2.403  ,0.38014,0.21687]",OSCILLATORY
3,"[0.47106,0.11704,0.35938]","[0.58196,1.22321,1.19483]",OSCILLATORY
3,"[0.43034,0.56477,0.88313]","[0.4754 ,2.10495,0.41964]",OSCILLATORY
3,"[0.11521,0.29158,0.9296 ]","[0.82755,0.77653,1.39592]",OSCILLATORY
3,"[0.80483,0.86941,0.8656 ]","[1.61301,0.70307,0.68392]",OSCILLATORY
3,"[0.18849,0.02036,0.60137]","[0.92528,1.26613,0.8086 ]",OSCILLATORY
3,"[0.47552,0.96933,0.3913 ]","[0.62596,0.99832,1.37572]",OSCILLATORY
3,"[0.86598,0.77961,0.99022]","[1.10415,1.39193,0.50392]",OSCILLATORY
3,"[0.29721,0.47499,0.55484]","[0.14259,0.8417 ,2.01571]",OSCILLATORY
3,"[0.85035,0.76273,0.85691]","[1.11212,0.84946,1.03842]",OSCILLATORY
3,"[0.705  ,0.10205,0.32052]","[1.18586,0.4824 ,1.33173]",OSCILLATORY
3,"[0.90446,0.35515,0.41279]","[2.44485,0.21861,0.33654]",OSCILLATORY
3,"[0.05477,0.84244,0.42254]","[0.56633,1.25923,1.17444]",OSCILLATORY
3,"[0.79274,0.81878,0.8713 ]","[0.89677,0.73421,1.36901]",OSCILLATORY
3,"[0.99235,0.3711 ,0.53607]","[1.01433,0.86366,1.12201]",OSCILLATORY
3,"[0.44403,0.13827,0.68098]","[0.31209,1.33227,1.35565]",OSCILLATORY
3,"[0.43609,0.09228,0.2102 ]","[0.43837,1.42429,1.13734]",OSCILLATORY
3,"[0.58514,0.00431,0.54678]","[0.7086 ,1.97242,0.31898]",OSCILLATORY
3,"[0.73412,0.60802,0.10018]","[0.48297,0.54324,1.97379]",OSCILLATORY
3,"[0.89098,0.2544 ,0.73302]","[0.57389,0.9576 ,1.46851]",OSCILLATORY
3,"[0.12783,0.75406,0.87279]","[0.69853,1.35785,0.94362]",OSCILLATORY
3,"[0.60429,0.73901,0.23581]","[0.68209,1.11415,1.20377]",OSCILLATORY
3,"[0.09978,0.59008,0.33987]","[0.07712,2.57956,0.34332]",OSCILLATORY
3,"[0.30909,0.3795 ,0.17538]","[0.94868,1.46558,0.58574]",OSCILLATORY
3,"[0.8009 ,0.71231,0.7193 ]","[0.29491,1.57248,1.1326 ]",OSCILLATORY
3,"[0.83446,0.16251,0.21013]","[1.25601,1.09149,0.6525 ]",OSCILLATORY
3,"[0.57253,0.52866,0.7441 ]","[0.80844,1.41552,0.77604]",OSCILLATORY
3,"[0.38843,0.54216,0.99451]","[0.59101,1.93912,0.46986]",OSCILLATORY
3,"[0.23843,0.221  ,0.15204]","[0.952  ,1.41663,0.63137]",OSCILLATORY
3,"[0.51388,0.05623,0.07484]","[0.71711,1.06623,1.21666]",OSCILLATORY
3,"[0.97958,0.84127,0.12774]","[0.83068,0.85189,1.31743]",OSCILLATORY
3,"[0.61764,0.77303,0.3827 ]","[1.78132,0.6101 ,0.60857]",OSCILLATORY
3,"[0.40266,0.53064,0.33138]","[0.0363 ,1.49448,1.46922]",OSCILLATORY
3,"[0.01762,0.70341,0.24843]","[2.42326,0.06029,0.51644]",OSCILLATORY
3,"[0.03583,0.37454,0.08219]","[1.10974,1.10922,0.78104]",OSCILLATORY
3,"[0.66236,0.44869,0.50197]","[1.74439,1.19842,0.05718]",OSCILLATORY
3,"[0.08702,0.69749,0.90407]","[0.77504,0.57318,1.65178]",OSCILLATORY
3,"[0.21533,0.13054,0.34285]","[0.33951,1.19711,1.46338]",OSCILLATORY
3,"[0.44475,0.57432,0.73136]","[1.0366 ,1.54644,0.41695]",OSCILLATORY
3,"[0.38996,0.21673,0.05951]","[0.30182,1.37882,1.31936]",OSCILLATORY
3,"[0.01837,0.82744,0.95023]","[1.03941,0.33471,1.62589]",PRODUCT_PEAK
3,"[0.28602,0.5205 ,0.3922 ]","[0.43412,1.79491,0.77098]",PRODUCT_PEAK
3,"[0.94423,0.3625 ,0.24948]","[0.93384,0.99174,1.07441]",PRODUCT_PEAK
3,"[0.66312,0.49809,0.79734]","[1.66161,1.3256 ,0.01278]",PRODUCT_PEAK
3,"[0.68412,0.10918,0.93351]","[0.55297,1.61271,0.83432]",PRODUCT_PEAK
3,"[0.02543,0.1975 ,0.0033 ]","[1.04742,1.43979,0.5128 ]",PRODUCT_PEAK
3,"[0.52207,0.62972,0.65153]","[0.43856,1.18213,1.37932]",PRODUCT_PEAK
3,"[0.49889,0.63718,0.77033]","[1.32382,1.04432,0.63187]",PRODUCT_PEAK
3,"[0.45854,0.07807,0.57416]","[1.12072,0.44588,1.4334 ]",PRODUCT_PEAK
3,"[0.87815,0.84137,0.30499]","[0.37273,1.45269,1.17458]",PRODUCT_PEAK
3,"[0.40359,0.11289,0.0474 ]","[1.07434,0.15486,1.7708 ]",PRODUCT_PEAK
3,"[0.96735,0.59754,0.73629]","[0.95892,1.54893,0.49216]",PRODUCT_PEAK
3,"[0.11705,0.83275,0.48428]","[1.05651,0.67751,1.26598]",PRODUCT_PEAK
3,"[0.28286,0.10614,0.04061]","[1.85843,0.59677,0.5448 ]",PRODUCT_PEAK
3,"[0.98071,0.85653,0.27761]","[1.24342,1.1093 ,0.64729]",PRODUCT_PEAK
3,"[0.70064,0.99943,0.15658]","[1.79389,0.73252,0.47359]",PRODUCT_PEAK
3,"[0.38661,0.5988 ,0.33752]","[1.19375,1.26163,0.54463]",PRODUCT_PEAK
3,"[0.09083,0.77059,0.04826]","[1.59969,0.32399,1.07632]",PRODUCT_PEAK
3,"[0.22275,0.97532,0.6477 ]","[1.1782 ,1.09937,0.72243]",PRODUCT_PEAK
3,"[0.55169,0.14086,0.5365 ]","[0.35551,1.15878,1.48571]",PRODUCT_PEAK
3,"[0.13111,0.69476,0.90315]","[0.67435,1.26692,1.05873]",PRODUCT_PEAK
3,"[0.13852,0.35491,0.1386 ]","[0.7953 ,0.82112,1.38358]",PRODUCT_PEAK
3,"[0.8404 ,0.62264,0.36502]","[1.13756,0.77338,1.08906]",PRODUCT_PEAK
3,"[0.23034,0.61762,0.45788]","[1.23386,1.08171,0.68443]",PRODUCT_PEAK
3,"[0.38647,0.39303,0.7033 ]","[0.46761,1.68423,0.84815]",PRODUCT_PEAK
3,"[0.84928,0.48851,0.97492]","[0.63649,1.5946 ,0.76892]",PRODUCT_PEAK
3,"[0.38044,0.5774 ,0.24236]","[0.6202 ,2.17767,0.20213]",PRODUCT_PEAK
3,"[0.68712,0.58225,0.41635]","[0.91555,1.08589,0.99856]",PRODUCT_PEAK
3,"[0.45047,0.38665,0.70691]","[1.21609,0.83368,0.95024]",PRODUCT_PEAK
3,"[0.84326,0.7717 ,0.1566 ]","[0.64589,0.56556,1.78855]",PRODUCT_PEAK
3,"[0.09794,0.4304 ,0.06491]","[0.08229,2.36647,0.55124]",PRODUCT_PEAK
3,"[0.88633,0.41355,0.2963 ]","[0.85539,0.7018 ,1.44281]",PRODUCT_PEAK
3,"[0.12068,0.90409,0.57139]","[0.46665,1.28677,1.24657]",PRODUCT_PEAK
3,"[0.64064,0.045  ,0.78279]","[2.0952 ,0.61494,0.28986]",PRODUCT_PEAK
3,"[0.4331 ,0.49063,0.21606]","[2.13861,0.75029,0.11111]",PRODUCT_PEAK
3,"[0.57153,0.29277,0.78002]","[1.36186,0.34159,1.29654]",PRODUCT_PEAK
3,"[0.1196 ,0.42274,0.21151]","[0.28507,0.26875,2.44618]",PRODUCT_PEAK
3,"[0.57948,0.96493,0.56432]","[0.87505,0.81476,1.3102 ]",PRODUCT_PEAK
3,"[0.62375,0.276  ,0.89092]","[1.14778,0.66906,1.18315]",PRODUCT_PEAK
3,"[0.36138,0.18949,0.96205]","[2.42613,0.12662,0.44724]",PRODUCT_PEAK
3,"[0.053  ,0.56193,0.44578]","[1.49795,0.46423,1.03782]",PRODUCT_PEAK
3,"[0.2786 ,0.17184,0.90286]","[1.09187,0.59023,1.3179 ]",PRODUCT_PEAK
3,"[0.44747,0.42328,0.43022]","[0.69168,1.26643,1.04189]",PRODUCT_PEAK
3,"[0.81984,0.51125,0.25326]","[0.22167,2.08296,0.69537]",PRODUCT_PEAK
3,"[0.76767,0.10299,0.66446]","[1.51063,0.86889,0.62048]",PRODUCT_PEAK
3,"[0.62093,0.62448,0.74394]","[1.2184 ,0.38807,1.39354]",PRODUCT_PEAK
3,"[0.47549,0.64654,0.11504]","[1.31084,0.60213,1.08704]",PRODUCT_PEAK
3,"[0.07196,0.70411,0.95334]","[0.97115,0.60954,1.41931]",PRODUCT_PEAK
3,"[0.9067 ,0.63915,0.71412]","[0.90855,1.34739,0.74406]",PRODUCT_PEAK
3,"[0.93499,0.92175,0.65221]","[1.48069,0.5514 ,0.96791]",PRODUCT_PEAK
3,"[0.99848,0.10604,0.35057]","[1.12627,1.51744,0.35629]",NOISE
3,"[0.47297,0.20266,0.40086]","[0.38508,2.44016,0.17476]",NOISE
3,"[0.89091,0.97852,0.87878]","[0.60857,1.52809,0.86334]",NOISE
3,"[0.33604,0.12287,0.69166]","[0.49242,2.3118 ,0.19577]",NOISE
3,"[0.37779,0.44697,0.73847]","[2.39972,0.1438 ,0.45648]",NOISE
3,"[0.426  ,0.41641,0.65391]","[1.65975,1.10692,0.23333]",NOISE
3,"[0.97667,0.59436,0.61207]","[1.04599,1.25351,0.7005 ]",NOISE
3,"[0.44902,0.81042,0.5566 ]","[0.38317,1.05766,1.55917]",NOISE
3,"[0.11273,0.93651,0.24855]","[1.08605,0.61229,1.30165]",NOISE
3,"[0.68459,0.90104,0.126  ]","[0.26864,2.04902,0.68234]",NOISE
3,"[0.78397,0.44567,0.3404 ]","[2.04174,0.2766 ,0.68165]",NOISE
3,"[0.05789,0.09539,0.31116]","[0.39894,0.6598 ,1.94126]",NOISE
3,"[0.68382,0.69013,0.93331]","[1.87617,0.26987,0.85396]",NOISE
3,"[0.80262,0.49451,0.72739]","[0.06174,2.18208,0.75619]",NOISE
3,"[0.35748,0.52373,0.39473]","[0.49794,1.05462,1.44745]",NOISE
3,"[0.44941,0.62914,0.27861]","[0.44623,2.42246,0.13131]",NOISE
3,"[0.05383,0.60349,0.50093]","[1.11153,0.62423,1.26424]",NOISE
3,"[0.05556,0.35412,0.71454]","[1.72457,0.17366,1.10177]",NOISE
3,"[0.93981,0.1468 ,0.88677]","[0.79492,0.87871,1.32638]",NOISE
3,"[0.28165,0.48673,0.95147]","[1.12405,0.86504,1.01091]",NOISE
3,"[0.51484,0.13513,0.93816]","[0.98973,1.05043,0.95984]",NOISE
3,"[0.2423 ,0.90758,0.96211]","[1.20123,1.00274,0.79603]",NOISE
3,"[0.51997,0.58171,0.51909]","[1.18482,0.80067,1.01451]",NOISE
3,"[0.85348,0.51184,0.60078]","[0.20144,1.46278,1.33578]",NOISE
3,"[0.07528,0.54328,0.75796]","[1.9898,0.2426,0.7676]",NOISE
3,"[0.13009,0.01921,0.42839]","[0.94527,0.64532,1.40941]",NOISE
3,"[0.18402,0.53418,0.9544 ]","[0.57591,1.40248,1.02161]",NOISE
3,"[0.43692,0.39851,0.57597]","[1.12358,1.36573,0.51069]",NOISE
3,"[0.97696,0.59069,0.37898]","[2.51413,0.3732 ,0.11266]",NOISE
3,"[0.74228,0.74678,0.09545]","[0.53748,0.13078,2.33174]",NOISE
3,"[0.83127,0.79081,0.00542]","[1.50109,0.76328,0.73563]",NOISE
3,"[0.52798,0.56116,0.39071]","[1.35318,1.00094,0.64589]",NOISE
3,"[0.70477,0.66491,0.70794]","[0.85403,0.64183,1.50414]",NOISE
3,"[0.41203,0.76901,0.16144]","[1.38645,1.45212,0.16143]",NOISE
3,"[0.34408,0.28806,0.50693]","[1.36855,0.38222,1.24923]",NOISE
3,"[0.45748,0.30092,0.85912]","[1.4278 ,0.29623,1.27597]",NOISE
3,"[0.14432,0.82154,0.00611]","[1.30813,1.48417,0.20769]",NOISE
3,"[0.90842,0.03315,0.29692]","[1.02517,1.47677,0.49806]",NOISE
3,"[0.19881,0.73993,0.17114]","[1.29664,1.26086,0.4425 ]",NOISE
3,"[0.66274,0.55559,0.58756]","[0.48132,1.03575,1.48293]",NOISE
3,"[0.987  ,0.13732,0.14082]","[0.5758 ,0.51088,1.91332]",NOISE
3,"[0.93945,0.58171,0.91553]","[0.90357,1.15985,0.93659]",NOISE
3,"[0.46174,0.6028 ,0.98094]","[0.6891 ,1.85728,0.45362]",NOISE
3,"[0.03687,0.65254,0.33085]","[0.44622,0.62024,1.93353]",NOISE
3,"[0.2539,0.6898,0.5944]","[0.06268,1.55667,1.38066]",NOISE
3,"[0.41778,0.92843,0.23639]","[2.06694,0.65999,0.27307]",NOISE
3,"[0.2939 ,0.28583,0.39464]","[1.36788,0.64731,0.98481]",NOISE
3,"[0.83814,0.79159,0.29027]","[1.45676,1.2405 ,0.30274]",NOISE
3,"[0.35017,0.32096,0.55616]","[1.21971,0.32394,1.45635]",NOISE
3,"[0.49847,0.98502,0.43016]","[1.51042,0.41636,1.07322]",NOISE
